-- Inserção de dados iniciais para teste

-- Países
INSERT INTO TB_PAIS (ID_PAIS, NOME) VALUES (1, 'Brasil');
INSERT INTO TB_PAIS (ID_PAIS, NOME) VALUES (2, 'Argentina');

-- Estados
INSERT INTO TB_ESTADO (ID_ESTADO, NOME, ID_PAIS) VALUES (1, 'São Paulo', 1);
INSERT INTO TB_ESTADO (ID_ESTADO, NOME, ID_PAIS) VALUES (2, 'Rio de Janeiro', 1);

-- Cidades
INSERT INTO TB_CIDADE (ID_CIDADE, NOME, ID_ESTADO) VALUES (1, 'São Paulo', 1);
INSERT INTO TB_CIDADE (ID_CIDADE, NOME, ID_ESTADO) VALUES (2, 'Rio de Janeiro', 2);

-- Bairros
INSERT INTO TB_BAIRRO (ID_BAIRRO, NOME, ID_CIDADE) VALUES (1, 'Centro', 1);
INSERT INTO TB_BAIRRO (ID_BAIRRO, NOME, ID_CIDADE) VALUES (2, 'Copacabana', 2);

-- Logradouros
INSERT INTO TB_LOGRADOURO (ID_LOGRADOURO, NOME, ID_BAIRRO) VALUES (1, 'Av. Paulista', 1);
INSERT INTO TB_LOGRADOURO (ID_LOGRADOURO, NOME, ID_BAIRRO) VALUES (2, 'Av. Atlântica', 2);

-- Tipos de Usuário
INSERT INTO TB_TIPO_USUARIO (ID_TIPO_USUARIO, DESCRICAO) VALUES (1, 'Administrador');
INSERT INTO TB_TIPO_USUARIO (ID_TIPO_USUARIO, DESCRICAO) VALUES (2, 'Operador');
INSERT INTO TB_TIPO_USUARIO (ID_TIPO_USUARIO, DESCRICAO) VALUES (3, 'Cidadão');

-- Usuários (senha: 123456)
INSERT INTO TB_USUARIO (ID_USUARIO, NOME, EMAIL, SENHA, DATA_CADASTRO, ID_TIPO_USUARIO)
VALUES (1, 'Admin Sistema', 'admin@geoguardian.com',
'$2a$10$N.zmdr9k7uOCQb376NoUnuTJ8iAt6Z5EHsM8lE9P2.nRs.b7nR4Rq', CURRENT_TIMESTAMP, 1);

INSERT INTO TB_USUARIO (ID_USUARIO, NOME, EMAIL, SENHA, DATA_CADASTRO, ID_TIPO_USUARIO)
VALUES (2, 'João Silva', 'joao@email.com',
'$2a$10$N.zmdr9k7uOCQb376NoUnuTJ8iAt6Z5EHsM8lE9P2.nRs.b7nR4Rq', CURRENT_TIMESTAMP, 3);

-- Tipos de Área
INSERT INTO TB_TIPO_AREA (ID_TIPO_AREA, DESCRICAO) VALUES (1, 'Barragem');
INSERT INTO TB_TIPO_AREA (ID_TIPO_AREA, DESCRICAO) VALUES (2, 'Encosta');
INSERT INTO TB_TIPO_AREA (ID_TIPO_AREA, DESCRICAO) VALUES (3, 'Margem de Rio');

-- Áreas de Risco
INSERT INTO TB_AREA_RISCO (ID_AREA_RISCO, NOME, ID_LOGRADOURO, ID_TIPO_AREA) VALUES (1, 'Barragem Central SP', 1, 1);
INSERT INTO TB_AREA_RISCO (ID_AREA_RISCO, NOME, ID_LOGRADOURO, ID_TIPO_AREA) VALUES (2, 'Encosta Copacabana', 2, 2);

-- Modelos de Sensor
INSERT INTO TB_MODELO_SENSOR (ID_MODELO_SENSOR, FABRICANTE, NOME, TIPO_MEDICAO) VALUES (1, 'SensTech', 'UM100', 'Umidade');
INSERT INTO TB_MODELO_SENSOR (ID_MODELO_SENSOR, FABRICANTE, NOME, TIPO_MEDICAO) VALUES (2, 'HydroGuard', 'NA300', 'Nível de Água');

-- Sensores
INSERT INTO TB_SENSOR (ID_SENSOR, UUID, STATUS, ID_AREA_RISCO, ID_MODELO_SENSOR) VALUES (1, 'UUID001', 'Ativo', 1, 1);
INSERT INTO TB_SENSOR (ID_SENSOR, UUID, STATUS, ID_AREA_RISCO, ID_MODELO_SENSOR) VALUES (2, 'UUID002', 'Ativo', 2, 2);

-- Tipos de Alerta
INSERT INTO TB_TIPO_ALERTA (ID_TIPO_ALERTA, DESCRICAO) VALUES (1, 'Alerta de Enchente');
INSERT INTO TB_TIPO_ALERTA (ID_TIPO_ALERTA, DESCRICAO) VALUES (2, 'Alerta de Deslizamento');

-- Alertas
INSERT INTO TB_ALERTA (ID_ALERTA, NIVEL_RISCO, DATA_HORA, ID_TIPO_ALERTA, ID_AREA_RISCO)
VALUES (1, 3, CURRENT_TIMESTAMP, 1, 1);
INSERT INTO TB_ALERTA (ID_ALERTA, NIVEL_RISCO, DATA_HORA, ID_TIPO_ALERTA, ID_AREA_RISCO)
VALUES (2, 4, CURRENT_TIMESTAMP, 2, 2);

-- Tipos de Ocorrência
INSERT INTO TB_TIPO_OCORRENCIA (ID_TIPO_OCORRENCIA, DESCRICAO) VALUES (1, 'Enchente Confirmada');
INSERT INTO TB_TIPO_OCORRENCIA (ID_TIPO_OCORRENCIA, DESCRICAO) VALUES (2, 'Deslizamento Confirmado');
